{"events":[{"day":"Monday","event":"Csci 4131 Lecture","start":"09:45","end":"11:00","phone":"See Zoom Meeting info on Class Canvas site","location":"Virtual (Zoom)","info":"Csci 4131 Info","url":"https://onestop2.umn.edu/pcas/viewCatalogCourse.do?courseId=790654"},{"day":"Wednesday","event":"Csci 4131 Lecture","start":"09:45","end":"11:00","phone":"See Zoom Meeting info on Class Canvas site","location":"Virtual (Zoom)","info":"Csci 4131 Info","url":"https://onestop2.umn.edu/pcas/viewCatalogCourse.do?courseId=790654"}]}